,firing rate,experiment,layer
284,-1.3467874689673445,GT,L1
96,-0.21467015480458979,NS,L1
285,0.6693168876611955,GT,L1
283,-0.273001249413516,GT,L1
281,0.25927526085619285,GT,L1
282,-2.477121244203488,GT,L1
280,-2.000000009707238,GT,L1
419,-1.8750612528755255,GT,L2/3
383,-2.3010300053712194,GT,L2/3
382,-inf,GT,L2/3
381,-2.7781512398674693,GT,L2/3
380,-2.477121244203488,GT,L2/3
379,-2.477121244203488,GT,L2/3
378,-2.079181223397403,GT,L2/3
377,-1.778151227733422,GT,L2/3
421,-1.6642079015614564,GT,L2/3
376,-2.079181223397403,GT,L2/3
375,-2.1760912485395068,GT,L2/3
374,-1.6642079015614564,GT,L2/3
373,-inf,GT,L2/3
372,-1.3631779058974753,GT,L2/3
371,-1.778151227733422,GT,L2/3
370,-inf,GT,L2/3
369,-1.778151227733422,GT,L2/3
368,-0.6989699978645267,GT,L2/3
367,-2.7781512398674693,GT,L2/3
366,-2.7781512398674693,GT,L2/3
365,-2.477121244203488,GT,L2/3
364,-1.6642079015614564,GT,L2/3
363,-2.3010300053712194,GT,L2/3
362,-1.7367585822866254,GT,L2/3
361,-1.778151227733422,GT,L2/3
360,-2.7781512398674693,GT,L2/3
359,-2.7781512398674693,GT,L2/3
358,-2.7781512398674693,GT,L2/3
357,-2.477121244203488,GT,L2/3
356,-1.7367585822866254,GT,L2/3
384,-2.3010300053712194,GT,L2/3
385,-2.1760912485395068,GT,L2/3
386,-2.7781512398674693,GT,L2/3
355,-2.7781512398674693,GT,L2/3
418,-1.778151227733422,GT,L2/3
417,-1.933053208520389,GT,L2/3
416,-2.079181223397403,GT,L2/3
415,-1.0457574733033632,GT,L2/3
414,-2.477121244203488,GT,L2/3
413,-2.3010300053712194,GT,L2/3
411,-2.477121244203488,GT,L2/3
410,-1.823908750651557,GT,L2/3
409,-1.3309932171924266,GT,L2/3
408,-1.933053208520389,GT,L2/3
407,-1.778151227733422,GT,L2/3
406,-1.933053208520389,GT,L2/3
405,-1.6642079015614564,GT,L2/3
404,-2.079181223397403,GT,L2/3
420,-2.7781512398674693,GT,L2/3
403,-0.6882461427324362,GT,L2/3
401,-1.778151227733422,GT,L2/3
400,-2.3010300053712194,GT,L2/3
399,-1.3802112287686221,GT,L2/3
398,-1.698970014043257,GT,L2/3
397,-2.477121244203488,GT,L2/3
396,-1.933053208520389,GT,L2/3
395,-1.0377885514763205,GT,L2/3
394,-0.9268929056750705,GT,L2/3
393,-1.1153934108237316,GT,L2/3
392,-inf,GT,L2/3
391,-2.7781512398674693,GT,L2/3
390,-2.477121244203488,GT,L2/3
389,-1.6020599848564703,GT,L2/3
388,-1.3467874689673445,GT,L2/3
402,-1.3802112287686221,GT,L2/3
387,-2.3010300053712194,GT,L2/3
354,-1.823908750651557,GT,L2/3
422,-1.823908750651557,GT,L2/3
316,-1.1983676592165111,GT,L2/3
315,-2.3010300053712194,GT,L2/3
314,-1.778151227733422,GT,L2/3
313,-2.7781512398674693,GT,L2/3
312,-1.1346985909586629,GT,L2/3
311,-1.778151227733422,GT,L2/3
310,-0.9456423235923954,GT,L2/3
309,-2.477121244203488,GT,L2/3
308,-2.1760912485395068,GT,L2/3
307,-1.5740312572115442,GT,L2/3
306,-2.1760912485395068,GT,L2/3
305,-1.7367585822866254,GT,L2/3
304,-2.1760912485395068,GT,L2/3
303,-1.8750612528755255,GT,L2/3
302,-2.1760912485395068,GT,L2/3
301,-1.933053208520389,GT,L2/3
300,-1.778151227733422,GT,L2/3
286,-1.6020599848564703,GT,L2/3
287,-1.778151227733422,GT,L2/3
288,-1.1983676592165111,GT,L2/3
289,-1.933053208520389,GT,L2/3
290,-1.3157532649813621,GT,L2/3
291,-2.000000009707238,GT,L2/3
317,-2.079181223397403,GT,L2/3
292,-2.7781512398674693,GT,L2/3
294,-2.477121244203488,GT,L2/3
295,-2.3010300053712194,GT,L2/3
296,-1.698970014043257,GT,L2/3
297,-0.4126632779894185,GT,L2/3
298,-2.1760912485395068,GT,L2/3
299,-inf,GT,L2/3
293,-1.0879551883168226,GT,L2/3
353,-inf,GT,L2/3
318,-1.6642079015614564,GT,L2/3
320,-1.4164234064877126,GT,L2/3
351,-2.7781512398674693,GT,L2/3
350,-2.7781512398674693,GT,L2/3
349,-2.7781512398674693,GT,L2/3
348,-2.7781512398674693,GT,L2/3
347,-2.000000009707238,GT,L2/3
346,-2.3010300053712194,GT,L2/3
345,-2.7781512398674693,GT,L2/3
344,-1.823908750651557,GT,L2/3
343,-inf,GT,L2/3
342,-2.1760912485395068,GT,L2/3
341,-2.7781512398674693,GT,L2/3
340,-1.1346985909586629,GT,L2/3
339,-2.7781512398674693,GT,L2/3
338,-1.4559319538007267,GT,L2/3
337,-2.1760912485395068,GT,L2/3
336,-2.1760912485395068,GT,L2/3
335,-2.1760912485395068,GT,L2/3
321,-inf,GT,L2/3
322,-2.477121244203488,GT,L2/3
323,-1.4164234064877126,GT,L2/3
324,-0.752845396352407,GT,L2/3
325,-1.2099495207196826,GT,L2/3
326,-inf,GT,L2/3
319,-inf,GT,L2/3
327,-1.3631779058974753,GT,L2/3
329,-1.8750612528755255,GT,L2/3
330,-2.7781512398674693,GT,L2/3
331,-2.079181223397403,GT,L2/3
332,-2.000000009707238,GT,L2/3
333,-2.477121244203488,GT,L2/3
334,-2.079181223397403,GT,L2/3
328,-0.9456423235923954,GT,L2/3
352,-1.1346985909586629,GT,L2/3
0,-0.09510420741872518,M,L2/3
425,-2.477121244203488,GT,L2/3
527,-0.9520764561826874,GT,L2/3
526,-1.4993976548804921,GT,L2/3
525,-2.7781512398674693,GT,L2/3
524,-1.698970014043257,GT,L2/3
523,-1.0299632215284455,GT,L2/3
522,-1.5477023149203577,GT,L2/3
521,-1.778151227733422,GT,L2/3
520,-1.1446828026300477,GT,L2/3
519,-1.4164234064877126,GT,L2/3
518,-1.2340832041843703,GT,L2/3
517,-2.477121244203488,GT,L2/3
516,-1.3631779058974753,GT,L2/3
515,-0.7869251926528414,GT,L2/3
514,-1.5477023149203577,GT,L2/3
513,-1.823908750651557,GT,L2/3
512,-1.2340832041843703,GT,L2/3
511,-1.778151227733422,GT,L2/3
497,0.23552845413154,GT,L2/3
498,-0.8538719624727642,GT,L2/3
499,-2.3010300053712194,GT,L2/3
500,-1.0705810697175953,GT,L2/3
501,-0.42596873227228116,GT,L2/3
502,-0.0007244273028873565,GT,L2/3
528,-1.933053208520389,GT,L2/3
503,-1.698970014043257,GT,L2/3
505,-2.7781512398674693,GT,L2/3
506,-2.477121244203488,GT,L2/3
507,-2.477121244203488,GT,L2/3
508,-1.5228787549875757,GT,L2/3
509,-1.3157532649813621,GT,L2/3
510,-1.933053208520389,GT,L2/3
504,-1.4164234064877126,GT,L2/3
529,-1.6320232128564078,GT,L2/3
530,-1.933053208520389,GT,L2/3
531,-1.8750612528755255,GT,L2/3
550,-1.5477023149203577,GT,L2/3
551,-0.9148283789159141,GT,L2/3
552,-2.079181223397403,GT,L2/3
553,-1.4559319538007267,GT,L2/3
554,-1.1549019581367455,GT,L2/3
555,-1.2218487593235945,GT,L2/3
549,-2.7781512398674693,GT,L2/3
556,-2.3010300053712194,GT,L2/3
558,-1.0457574733033632,GT,L2/3
559,-1.823908750651557,GT,L2/3
560,-1.698970014043257,GT,L2/3
561,-0.8487323277147589,GT,L2/3
562,-2.7781512398674693,GT,L2/3
563,-1.1446828026300477,GT,L2/3
557,-1.0538753920163881,GT,L2/3
496,-2.3010300053712194,GT,L2/3
548,-1.0969100227152946,GT,L2/3
546,-1.4559319538007267,GT,L2/3
532,-2.3010300053712194,GT,L2/3
533,-1.0299632215284455,GT,L2/3
534,-1.5740312572115442,GT,L2/3
535,-1.4357285866226441,GT,L2/3
536,-1.2867895636471365,GT,L2/3
537,-2.000000009707238,GT,L2/3
547,-1.477121232069441,GT,L2/3
538,-1.933053208520389,GT,L2/3
540,-1.477121232069441,GT,L2/3
541,-2.079181223397403,GT,L2/3
542,-2.000000009707238,GT,L2/3
543,-1.8750612528755255,GT,L2/3
544,-1.4559319538007267,GT,L2/3
545,-1.6642079015614564,GT,L2/3
539,-2.079181223397403,GT,L2/3
424,-1.7367585822866254,GT,L2/3
495,-1.6642079015614564,GT,L2/3
493,-0.8805241800641137,GT,L2/3
456,-1.7367585822866254,GT,L2/3
455,-2.000000009707238,GT,L2/3
454,-2.3010300053712194,GT,L2/3
453,-2.7781512398674693,GT,L2/3
452,-2.477121244203488,GT,L2/3
451,-inf,GT,L2/3
450,-1.477121232069441,GT,L2/3
449,-1.477121232069441,GT,L2/3
448,-2.477121244203488,GT,L2/3
447,-1.4993976548804921,GT,L2/3
446,-0.3419885908265954,GT,L2/3
445,-1.823908750651557,GT,L2/3
444,-2.7781512398674693,GT,L2/3
443,-0.35654732586708243,GT,L2/3
442,-1.477121232069441,GT,L2/3
441,-2.079181223397403,GT,L2/3
440,-1.259637312859026,GT,L2/3
426,-2.7781512398674693,GT,L2/3
427,0.2911467712653368,GT,L2/3
428,-0.6777807188253977,GT,L2/3
429,-1.0969100227152946,GT,L2/3
430,-2.7781512398674693,GT,L2/3
431,0.17897694455028537,GT,L2/3
457,-1.6020599848564703,GT,L2/3
432,0.20906798123054243,GT,L2/3
434,0.1303337761649226,GT,L2/3
435,-0.0036342811746277533,GT,L2/3
436,-1.4357285866226441,GT,L2/3
437,-inf,GT,L2/3
438,-2.7781512398674693,GT,L2/3
439,-inf,GT,L2/3
433,0.12548127811034646,GT,L2/3
458,-2.000000009707238,GT,L2/3
459,-inf,GT,L2/3
460,-0.3907614244692743,GT,L2/3
479,-1.4357285866226441,GT,L2/3
480,-2.3010300053712194,GT,L2/3
481,-0.5451551454411674,GT,L2/3
482,-0.8643373860039906,GT,L2/3
483,-2.1760912485395068,GT,L2/3
484,-0.6989699978645267,GT,L2/3
478,-1.477121232069441,GT,L2/3
485,-1.933053208520389,GT,L2/3
487,-1.1446828026300477,GT,L2/3
488,-0.9148283789159141,GT,L2/3
489,-1.933053208520389,GT,L2/3
490,-1.933053208520389,GT,L2/3
491,-0.971971265883582,GT,L2/3
492,-1.3802112287686221,GT,L2/3
486,-2.477121244203488,GT,L2/3
494,-1.4164234064877126,GT,L2/3
477,-1.8750612528755255,GT,L2/3
475,-2.7781512398674693,GT,L2/3
461,-2.000000009707238,GT,L2/3
462,-2.3010300053712194,GT,L2/3
463,-inf,GT,L2/3
464,-2.7781512398674693,GT,L2/3
465,-inf,GT,L2/3
466,-2.3010300053712194,GT,L2/3
476,-1.6320232128564078,GT,L2/3
467,-0.44571280732401797,GT,L2/3
469,-2.000000009707238,GT,L2/3
470,-2.1760912485395068,GT,L2/3
471,-1.5477023149203577,GT,L2/3
472,-1.5228787549875757,GT,L2/3
473,-2.3010300053712194,GT,L2/3
474,-2.1760912485395068,GT,L2/3
468,-2.079181223397403,GT,L2/3
423,-0.6642078940943502,GT,L2/3
412,-2.7781512398674693,GT,L2/3
98,-0.23408322082535013,NS,L2/3
97,-0.6197887679956322,NS,L2/3
656,-2.000000009707238,GT,L4
657,-0.09691000653656438,GT,L4
658,-2.477121244203488,GT,L4
659,-1.1446828026300477,GT,L4
660,-2.7781512398674693,GT,L4
661,-2.477121244203488,GT,L4
679,-0.4477374920337992,GT,L4
663,0.029383798974603626,GT,L4
664,-0.1116332823254373,GT,L4
665,-0.3767507231614165,GT,L4
666,-0.8487323277147589,GT,L4
667,-0.09510420741872518,GT,L4
668,0.13140478548842008,GT,L4
655,-1.0299632215284455,GT,L4
662,0.17849732653329728,GT,L4
654,-1.5740312572115442,GT,L4
652,-1.0705810697175953,GT,L4
638,-2.7781512398674693,GT,L4
639,-2.7781512398674693,GT,L4
640,-0.20994952071968254,GT,L4
641,-inf,GT,L4
642,-2.7781512398674693,GT,L4
643,0.4411712750326352,GT,L4
653,-0.3279021431658131,GT,L4
644,-1.0072992251403976,GT,L4
646,-0.2206440324157785,GT,L4
647,0.08576613733937997,GT,L4
648,-1.0791812331046409,GT,L4
649,-2.477121244203488,GT,L4
650,0.7475412765903717,GT,L4
651,-1.4164234064877126,GT,L4
645,-inf,GT,L4
637,-inf,GT,L4
99,0.46189853650396384,NS,L4
101,-0.09151497984303082,NS,L4
120,0.17897694455028537,NS,L4
121,0.7499938371988455,NS,L4
122,0.04792355540804468,NS,L4
123,-0.40893540890332775,NS,L4
124,0.4725126560566757,NS,L4
669,-1.1549019581367455,GT,L4
119,-0.2924298320231518,NS,L4
670,-1.3467874689673445,GT,L4
672,-0.6882461427324362,GT,L4
673,-2.079181223397403,GT,L4
674,-2.3010300053712194,GT,L4
675,-2.079181223397403,GT,L4
676,-2.079181223397403,GT,L4
677,-1.259637312859026,GT,L4
671,0.23720851062253667,GT,L4
100,0.17849732653329728,NS,L4
118,0.1324731601025237,NS,L4
116,0.09225265936088738,NS,L4
102,-0.05551733020310123,NS,L4
103,0.279514847360701,NS,L4
104,-0.3341064496235877,NS,L4
105,0.20637606725212293,NS,L4
106,0.21263143972725518,NS,L4
107,0.5158738399234886,NS,L4
117,0.16633143117960428,NS,L4
108,-0.4317982703360389,NS,L4
110,0.7442929980479189,NS,L4
111,0.46637327156441366,NS,L4
112,0.08398014144568575,NS,L4
113,0.21572565993694845,NS,L4
114,0.25527249359843107,NS,L4
115,-0.3516399959995543,NS,L4
109,0.4292137968488703,NS,L4
636,-0.41642342336986593,GT,L4
635,-1.7367585822866254,GT,L4
634,-1.6020599848564703,GT,L4
583,-1.933053208520389,GT,L4
584,-2.079181223397403,GT,L4
585,-1.0377885514763205,GT,L4
586,-2.7781512398674693,GT,L4
587,-2.7781512398674693,GT,L4
588,-1.477121232069441,GT,L4
582,-0.05551733020310123,GT,L4
589,-0.9520764561826874,GT,L4
591,-2.477121244203488,GT,L4
592,-1.0879551883168226,GT,L4
593,-2.000000009707238,GT,L4
594,-0.05551733020310123,GT,L4
595,-0.8096682984895835,GT,L4
596,-1.8750612528755255,GT,L4
590,-0.29814431016937704,GT,L4
597,-1.5477023149203577,GT,L4
581,-2.7781512398674693,GT,L4
579,-inf,GT,L4
572,-1.778151227733422,GT,L4
571,-0.7569619587096965,GT,L4
570,-1.4357285866226441,GT,L4
569,-2.7781512398674693,GT,L4
568,-0.29527767222456747,GT,L4
567,-1.1549019581367455,GT,L4
580,-2.477121244203488,GT,L4
566,-0.3943358814081417,GT,L4
564,-0.22670127393393366,GT,L4
1,-0.027642855900126436,M,L4
575,-1.1446828026300477,GT,L4
576,0.13935425816726943,GT,L4
577,-0.869666214247682,GT,L4
578,-0.19382003572335105,GT,L4
565,-1.4559319538007267,GT,L4
598,-0.560667296756658,GT,L4
599,0.4683473388647183,GT,L4
600,0.1319393013237159,GT,L4
620,0.0,GT,L4
621,-2.7781512398674693,GT,L4
622,-1.823908750651557,GT,L4
623,0.4586378490256493,GT,L4
624,-1.1446828026300477,GT,L4
625,-1.0299632215284455,GT,L4
619,-0.06803387558351184,GT,L4
626,-0.023802918683126915,GT,L4
628,-0.5326385996307006,GT,L4
629,0.12002525091677183,GT,L4
630,0.5056021389826569,GT,L4
631,-0.869666214247682,GT,L4
632,-1.933053208520389,GT,L4
633,-0.7611179145695128,GT,L4
627,0.26046892369196545,GT,L4
618,-0.6351364452875689,GT,L4
617,-0.36991127455561956,GT,L4
616,-0.06888127889163836,GT,L4
601,0.014940335787001782,GT,L4
602,0.25527249359843107,GT,L4
603,-2.079181223397403,GT,L4
604,-2.000000009707238,GT,L4
605,-0.2757241538431074,GT,L4
606,-1.062147910233494,GT,L4
607,-2.1760912485395068,GT,L4
608,-1.778151227733422,GT,L4
609,-0.971971265883582,GT,L4
610,-1.477121232069441,GT,L4
611,-inf,GT,L4
612,0.4934580523248048,GT,L4
613,-0.3716110577680565,GT,L4
614,-0.40893540890332775,GT,L4
615,-1.698970014043257,GT,L4
678,0.2683439184165686,GT,L4
573,-2.1760912485395068,GT,L4
574,-0.4436974819754009,GT,L4
681,-1.8750612528755255,GT,L4
714,-1.778151227733422,GT,L4
715,-1.3309932171924266,GT,L4
716,-1.823908750651557,GT,L4
717,-inf,GT,L4
718,-1.0457574733033632,GT,L4
719,-0.8436528069660665,GT,L4
720,-1.477121232069441,GT,L4
721,-1.3631779058974753,GT,L4
722,-1.4357285866226441,GT,L4
723,-1.1346985909586629,GT,L4
724,-0.3532696192022542,GT,L4
725,-1.2867895636471365,GT,L4
726,-2.477121244203488,GT,L4
727,-0.4858951969888603,GT,L4
728,-1.823908750651557,GT,L4
729,-2.079181223397403,GT,L4
730,-1.0538753920163881,GT,L4
732,-1.7367585822866254,GT,L4
733,-inf,GT,L4
734,-2.7781512398674693,GT,L4
735,0.4205058549203258,GT,L4
736,-inf,GT,L4
737,0.2944662324688339,GT,L4
738,-0.1060533770264985,GT,L4
739,-2.3010300053712194,GT,L4
740,-2.477121244203488,GT,L4
680,-0.8643373860039906,GT,L4
713,-1.8750612528755255,GT,L4
712,-2.7781512398674693,GT,L4
731,-0.7289332258644643,GT,L4
710,-0.5109795163836637,GT,L4
682,-1.0705810697175953,GT,L4
711,-1.0299632215284455,GT,L4
683,-inf,GT,L4
684,0.3985186817330073,GT,L4
685,-inf,GT,L4
686,-1.4993976548804921,GT,L4
688,-1.5740312572115442,GT,L4
689,0.05817285868181001,GT,L4
690,-2.7781512398674693,GT,L4
691,0.1038037144335081,GT,L4
692,-0.9788107144893788,GT,L4
693,-0.45800496972226723,GT,L4
694,-0.07918125640201228,GT,L4
695,0.06694677483863104,GT,L4
687,-0.6917914201332556,GT,L4
697,-2.1760912485395068,GT,L4
709,0.17221360770705782,GT,L4
708,-0.5252981997361996,GT,L4
696,-1.3631779058974753,GT,L4
707,-2.3010300053712194,GT,L4
706,-2.000000009707238,GT,L4
704,-1.8750612528755255,GT,L4
705,-2.7781512398674693,GT,L4
702,-2.000000009707238,GT,L4
701,0.1227618324433333,GT,L4
700,-1.6320232128564078,GT,L4
699,-2.000000009707238,GT,L4
698,-2.7781512398674693,GT,L4
703,-2.7781512398674693,GT,L4
850,-2.3010300053712194,GT,L5
855,-1.3467874689673445,GT,L5
851,-2.7781512398674693,GT,L5
852,-1.2867895636471365,GT,L5
853,-0.593459827687133,GT,L5
849,0.17705528623994887,GT,L5
854,-2.000000009707238,GT,L5
856,-1.477121232069441,GT,L5
861,-0.3024800606740117,GT,L5
858,-0.555434774895898,GT,L5
859,-1.933053208520389,GT,L5
860,-1.8750612528755255,GT,L5
862,-0.6020599913279624,GT,L5
863,-0.9330532085203891,GT,L5
864,-0.46852107838963286,GT,L5
848,-2.3010300053712194,GT,L5
865,-1.0147232693173809,GT,L5
857,-1.3157532649813621,GT,L5
847,-0.45181540068842574,GT,L5
832,-0.013228252924204003,GT,L5
845,-1.6320232128564078,GT,L5
866,-1.0879551883168226,GT,L5
827,-0.6575773215310636,GT,L5
828,0.22271645998716566,GT,L5
829,0.3156205424623598,GT,L5
830,0.39211047060827986,GT,L5
831,-0.016223423069896978,GT,L5
834,0.0057523234394137295,GT,L5
835,0.07432872173004754,GT,L5
836,-0.42596873227228116,GT,L5
837,-0.8643373860039906,GT,L5
838,-0.4436974819754009,GT,L5
839,-0.999999993528508,GT,L5
840,-0.5740312450774971,GT,L5
841,-2.477121244203488,GT,L5
842,-1.124938719350988,GT,L5
843,-2.1760912485395068,GT,L5
844,-2.3010300053712194,GT,L5
846,-0.8805241800641137,GT,L5
867,-0.4416915012659718,GT,L5
898,-0.11257027099480818,GT,L5
869,-0.6917914201332556,GT,L5
892,-inf,GT,L5
893,-1.3802112287686221,GT,L5
894,-0.2158583745798953,GT,L5
895,-1.4164234064877126,GT,L5
896,-0.5086383028256024,GT,L5
897,-1.7367585822866254,GT,L5
899,-2.3010300053712194,GT,L5
900,-2.7781512398674693,GT,L5
901,-2.477121244203488,GT,L5
902,-1.5228787549875757,GT,L5
903,-0.8973376635525299,GT,L5
904,-1.3979400183792758,GT,L5
905,-1.4993976548804921,GT,L5
906,-1.2730012615475632,GT,L5
907,-1.6642079015614564,GT,L5
908,0.06942139169726184,GT,L5
909,-1.124938719350988,GT,L5
891,-1.3309932171924266,GT,L5
890,0.23804610791695135,GT,L5
889,-2.3010300053712194,GT,L5
888,-0.8750612407414784,GT,L5
870,-1.3157532649813621,GT,L5
871,-0.9030899869919435,GT,L5
872,-0.18820166396399501,GT,L5
873,-1.259637312859026,GT,L5
874,-1.3802112287686221,GT,L5
875,-0.9030899869919435,GT,L5
876,-1.7367585822866254,GT,L5
877,-2.079181223397403,GT,L5
868,-2.079181223397403,GT,L5
878,-0.6642078940943502,GT,L5
880,-0.6642078940943502,GT,L5
881,-1.698970014043257,GT,L5
882,-0.9456423235923954,GT,L5
883,-0.11918641316888623,GT,L5
884,-2.000000009707238,GT,L5
885,0.20048570800717128,GT,L5
886,-0.3172534187338782,GT,L5
887,-0.7026042789847723,GT,L5
879,-0.4145392812493045,GT,L5
911,-0.8096682984895835,GT,L5
1151,0.2937307639424053,GT,L5
1157,-1.0299632215284455,GT,L5
1001,0.1851642524395357,GT,L5
1000,-2.3010300053712194,GT,L5
999,-1.0791812331046409,GT,L5
998,-2.3010300053712194,GT,L5
997,0.4578818794165498,GT,L5
996,-1.6020599848564703,GT,L5
995,0.23888209289759338,GT,L5
994,-1.5477023149203577,GT,L5
993,0.013539385923494563,GT,L5
992,-0.3716110577680565,GT,L5
991,-0.5351132164893313,GT,L5
990,0.5185139336025012,GT,L5
989,-2.477121244203488,GT,L5
988,-2.1760912485395068,GT,L5
987,-0.7569619587096965,GT,L5
986,-1.1549019581367455,GT,L5
985,-0.6137983832519329,GT,L5
984,-0.008035947861515872,GT,L5
983,-0.1446828116600368,GT,L5
982,0.12656430624231094,GT,L5
981,-2.477121244203488,GT,L5
980,-1.4559319538007267,GT,L5
979,-1.3309932171924266,GT,L5
978,-2.3010300053712194,GT,L5
977,-1.6020599848564703,GT,L5
976,-2.7781512398674693,GT,L5
975,-2.477121244203488,GT,L5
1002,0.03676194484527517,GT,L5
974,-0.3202693619475924,GT,L5
1003,-0.3142582485881852,GT,L5
1005,0.38975656749617454,GT,L5
1032,0.32290808417670547,GT,L5
1031,0.06258197347035796,GT,L5
1030,-2.000000009707238,GT,L5
1029,0.06320820873211261,GT,L5
1028,-2.000000009707238,GT,L5
1027,-1.7367585822866254,GT,L5
1026,-0.6882461427324362,GT,L5
1025,-0.43375896920214396,GT,L5
1024,0.01283721264180816,GT,L5
1023,-0.5633073903400094,GT,L5
1022,-1.6642079015614564,GT,L5
1021,-0.6446123279284142,GT,L5
1020,-0.9652378897583314,GT,L5
1019,0.04727487109875788,GT,L5
1018,-1.778151227733422,GT,L5
1017,0.09922009328891294,GT,L5
1016,-1.698970014043257,GT,L5
1015,-1.933053208520389,GT,L5
1014,-0.35654732586708243,GT,L5
1013,-1.8750612528755255,GT,L5
1012,-0.6608799539374681,GT,L5
1011,-1.3979400183792758,GT,L5
1010,-0.10697839133114784,GT,L5
1009,-2.7781512398674693,GT,L5
1008,-0.07918125640201228,GT,L5
1007,-0.3112836201345566,GT,L5
1006,-0.08354605772546121,GT,L5
1004,-0.26626787347494285,GT,L5
973,-2.000000009707238,GT,L5
972,-0.7653140251758312,GT,L5
971,-0.6575773215310636,GT,L5
938,-1.1983676592165111,GT,L5
937,-1.062147910233494,GT,L5
936,0.3864989553450967,GT,L5
935,-0.6478174933935125,GT,L5
934,-0.23408322082535013,GT,L5
933,-1.477121232069441,GT,L5
932,-0.8050233978854755,GT,L5
931,-1.1346985909586629,GT,L5
930,-2.1760912485395068,GT,L5
929,-0.002904987863705916,GT,L5
928,0.201397133437522,GT,L5
927,-2.7781512398674693,GT,L5
926,-0.8050233978854755,GT,L5
925,-1.0457574733033632,GT,L5
924,-0.560667296756658,GT,L5
923,-0.21112487749002246,GT,L5
922,-1.1060533935494568,GT,L5
921,-0.8916605359689669,GT,L5
920,-0.752845396352407,GT,L5
919,-0.5633073903400094,GT,L5
918,-2.079181223397403,GT,L5
917,-1.1060533935494568,GT,L5
916,-0.3532696192022542,GT,L5
915,-0.0870697612130463,GT,L5
914,-0.9928214157972367,GT,L5
913,0.1346020568319684,GT,L5
912,-0.009513139963488518,GT,L5
939,-inf,GT,L5
940,0.2648178308878746,GT,L5
941,-2.3010300053712194,GT,L5
942,-1.4357285866226441,GT,L5
970,-0.9330532085203891,GT,L5
969,-1.823908750651557,GT,L5
968,-1.3631779058974753,GT,L5
967,-1.5228787549875757,GT,L5
966,-0.9089195250557014,GT,L5
965,-0.7289332258644643,GT,L5
964,-0.7869251926528414,GT,L5
963,-1.5740312572115442,GT,L5
962,-0.34040067660423273,GT,L5
961,-0.5713253544147754,GT,L5
960,-1.6320232128564078,GT,L5
959,-1.062147910233494,GT,L5
958,-0.7367585558123393,GT,L5
1033,0.029383798974603626,GT,L5
957,-1.8750612528755255,GT,L5
955,-0.971971265883582,GT,L5
954,-2.3010300053712194,GT,L5
953,-0.5740312450774971,GT,L5
952,-2.7781512398674693,GT,L5
951,-0.8287612652618961,GT,L5
950,-2.7781512398674693,GT,L5
949,-1.6320232128564078,GT,L5
948,-0.32178522413338945,GT,L5
947,-2.477121244203488,GT,L5
946,-0.7958800270513134,GT,L5
945,-1.823908750651557,GT,L5
944,-1.1153934108237316,GT,L5
943,-2.1760912485395068,GT,L5
956,-2.3010300053712194,GT,L5
1158,-0.20296340655751313,GT,L5
1034,-0.8386320102616996,GT,L5
1036,-0.5906305403049857,GT,L5
1125,-2.1760912485395068,GT,L5
1124,-0.7212464044968486,GT,L5
1123,0.11115043876216667,GT,L5
1122,-0.9208187636596135,GT,L5
1121,0.2768446074963746,GT,L5
1120,-1.6020599848564703,GT,L5
1119,-0.6608799539374681,GT,L5
1118,-0.8916605359689669,GT,L5
1117,0.22874247142446008,GT,L5
1116,0.06818584581633469,GT,L5
1115,-0.45593196304571537,GT,L5
1114,0.3563446242910006,GT,L5
1113,-0.36821811818867134,GT,L5
1112,-inf,GT,L5
1111,-1.823908750651557,GT,L5
1110,-2.1760912485395068,GT,L5
1109,-0.6847295723191741,GT,L5
1108,0.22010807930743917,GT,L5
1107,0.016336780984937682,GT,L5
1106,0.010723855289931689,GT,L5
1105,-2.3010300053712194,GT,L5
1104,-0.6989699978645267,GT,L5
1103,0.2652110351338748,GT,L5
1102,-0.6446123279284142,GT,L5
1101,-1.3631779058974753,GT,L5
1100,-1.3802112287686221,GT,L5
1099,-1.1983676592165111,GT,L5
1126,0.10209052060066484,GT,L5
1098,0.0057523234394137295,GT,L5
1127,-0.062147902766387826,GT,L5
1129,-0.5351132164893313,GT,L5
1156,0.30175321659393317,GT,L5
1155,-2.3010300053712194,GT,L5
1154,-1.778151227733422,GT,L5
1153,0.46214832828470603,GT,L5
1152,-1.1346985909586629,GT,L5
910,-0.5477023320507778,GT,L5
1150,0.709835070512545,GT,L5
1149,0.279514847360701,GT,L5
1148,-1.2466723192563767,GT,L5
1147,-1.4164234064877126,GT,L5
1146,-2.079181223397403,GT,L5
1145,-2.7781512398674693,GT,L5
1144,-2.3010300053712194,GT,L5
1143,0.012133902237955463,GT,L5
1142,-0.6953658770721228,GT,L5
1141,-1.3802112287686221,GT,L5
1140,-1.2730012615475632,GT,L5
1139,0.1851642524395357,GT,L5
1138,-0.5376020145977185,GT,L5
1137,-1.5740312572115442,GT,L5
1136,-0.5401051574296798,GT,L5
1135,-0.15905792324155046,GT,L5
1134,-1.8750612528755255,GT,L5
1133,-0.5713253544147754,GT,L5
1132,-0.04979747610401326,GT,L5
1131,-1.2218487593235945,GT,L5
1130,-0.3907614244692743,GT,L5
1128,-2.477121244203488,GT,L5
1097,-0.5376020145977185,GT,L5
1096,-inf,GT,L5
1095,-0.8143634151597503,GT,L5
1062,-1.3309932171924266,GT,L5
1061,-0.73282826600002,GT,L5
1060,0.24303804868629442,GT,L5
1059,-0.06718812252469013,GT,L5
1058,-1.933053208520389,GT,L5
1057,-2.477121244203488,GT,L5
1056,-1.778151227733422,GT,L5
1055,-1.823908750651557,GT,L5
1054,-1.4993976548804921,GT,L5
1053,-2.1760912485395068,GT,L5
1052,-2.477121244203488,GT,L5
1051,0.042050217874245996,GT,L5
1050,-1.2466723192563767,GT,L5
1049,-0.73282826600002,GT,L5
1048,0.02870680110392014,GT,L5
1047,-0.7653140251758312,GT,L5
1046,-1.3979400183792758,GT,L5
1045,-0.8805241800641137,GT,L5
1044,-inf,GT,L5
1043,-0.11633857296747058,GT,L5
1042,-0.638272156104069,GT,L5
1041,-0.9330532085203891,GT,L5
1040,0.2620553877625476,GT,L5
1039,-1.8750612528755255,GT,L5
1038,-1.3631779058974753,GT,L5
1037,-1.6642079015614564,GT,L5
826,0.28065422905775667,GT,L5
1063,0.2532572042359922,GT,L5
1064,-2.477121244203488,GT,L5
1065,-0.3127683875879517,GT,L5
1066,-2.3010300053712194,GT,L5
1094,-0.9208187636596135,GT,L5
1093,-0.7653140251758312,GT,L5
1092,0.16385681447225497,GT,L5
1091,-0.25181197114480186,GT,L5
1090,-0.3372421604400878,GT,L5
1089,-2.7781512398674693,GT,L5
1088,-1.3010299891924892,GT,L5
1087,-2.7781512398674693,GT,L5
1086,-inf,GT,L5
1085,-1.0222764001608298,GT,L5
1084,0.2679535417043747,GT,L5
1083,0.35282544060928783,GT,L5
1082,0.4797672145672072,GT,L5
1035,-0.12109540117566302,GT,L5
1081,0.09633056786879413,GT,L5
1079,-0.4538688044098069,GT,L5
1078,0.23720851062253667,GT,L5
1077,-2.7781512398674693,GT,L5
1076,0.287428477521497,GT,L5
1075,-2.1760912485395068,GT,L5
1074,0.04597458850052741,GT,L5
1073,-0.7367585558123393,GT,L5
1072,-0.3248329143471081,GT,L5
1071,-0.26894870945952365,GT,L5
1070,-0.8239087236870068,GT,L5
1069,0.3401134637190353,GT,L5
1068,-1.698970014043257,GT,L5
1067,-0.2544047792319168,GT,L5
1080,0.05817285868181001,GT,L5
825,-0.9456423235923954,GT,L5
833,-1.7367585822866254,GT,L5
823,-inf,GT,L5
198,0.256075998137724,NS,L5
197,0.021878088512724297,NS,L5
196,0.029383798974603626,NS,L5
195,0.06818584581633469,NS,L5
194,-0.26626787347494285,NS,L5
193,0.04532298438362352,NS,L5
192,0.4814426244015575,NS,L5
191,-0.11350928558532328,NS,L5
190,-0.01472326931738089,NS,L5
189,0.2745426900739177,NS,L5
188,0.013539385923494563,NS,L5
187,-0.35490538035415176,NS,L5
186,0.2889196173736298,NS,L5
199,0.06258197347035796,NS,L5
185,-0.3665315371964224,NS,L5
183,0.8205298334967442,NS,L5
182,0.22010807930743917,NS,L5
181,0.2620553877625476,NS,L5
180,-0.22305678334624998,NS,L5
179,-0.11350928558532328,NS,L5
178,-0.002904987863705916,NS,L5
176,-0.4145392812493045,NS,L5
175,0.49392253800182967,NS,L5
174,0.20048570800717128,NS,L5
173,0.2648178308878746,NS,L5
172,0.6176991109858433,NS,L5
171,0.0007232209299519724,NS,L5
170,0.20411998912741683,NS,L5
184,-0.057991946977686754,NS,L5
200,0.12439554240789802,NS,L5
201,0.37413707358231063,NS,L5
202,-0.21112487749002246,NS,L5
231,-0.46639738680242904,NS,L5
230,0.07126814466698128,NS,L5
229,0.10323340040016118,NS,L5
228,0.30642504800379766,NS,L5
227,-0.12784372447200584,NS,L5
226,0.36704516403183657,NS,L5
225,-0.513333419495769,NS,L5
224,0.08931624478108134,NS,L5
223,-0.26493363570521966,NS,L5
222,0.12439554240789802,NS,L5
221,0.1404032781681957,NS,L5
220,-0.016975447636135295,NS,L5
219,-0.2770920103771967,NS,L5
218,0.6356512714970135,NS,L5
217,-0.12109540117566302,NS,L5
216,-0.15078540502444457,NS,L5
215,-0.2279229177456518,NS,L5
214,0.12057394846316173,NS,L5
213,0.367355906805401,NS,L5
212,0.20185212987393494,NS,L5
211,0.1260231297783705,NS,L5
210,0.07126814466698128,NS,L5
209,-0.1446828116600368,NS,L5
208,0.3225638407877384,NS,L5
207,0.31875874605739274,NS,L5
206,0.02256580692782983,NS,L5
205,0.21836041467276945,NS,L5
204,-0.09240950964645475,NS,L5
203,0.24879037212570818,NS,L5
169,-0.011738391923970509,NS,L5
168,0.29703060806678083,NS,L5
167,0.03941413052341078,NS,L5
166,0.1356626045255334,NS,L5
132,-0.08618615140447382,NS,L5
131,-0.2867895699098709,NS,L5
130,0.3894614093921034,NS,L5
129,-0.08795517246827024,NS,L5
128,-0.17826816322064787,NS,L5
127,-0.335671474964517,NS,L5
126,0.04662521643206437,NS,L5
125,0.5367687975860063,NS,L5
824,-2.7781512398674693,GT,L5
21,-0.23037656318199748,M,L5
20,-0.09420411577335361,M,L5
19,0.4403842538312506,M,L5
18,0.287054864482636,M,L5
17,0.5711262659655063,M,L5
16,0.3280396462311021,M,L5
15,0.07432872173004754,M,L5
14,0.4906606573707619,M,L5
13,0.20996159073604537,M,L5
12,0.4869025457694567,M,L5
11,0.6478717820782431,M,L5
10,0.43801463427786,M,L5
9,0.9652801099774773,M,L5
8,1.2425828325007262,M,L5
7,0.9367650206063822,M,L5
6,0.5660444591129761,M,L5
5,0.3802112589689179,M,L5
4,0.7915737113358238,M,L5
3,0.1324731601025237,M,L5
2,-0.7062692294764165,M,L5
133,0.8211858826088455,NS,L5
232,-0.3889851681322514,NS,L5
134,0.1419720724224307,NS,L5
136,0.35442861803064973,NS,L5
165,0.07736792434662647,NS,L5
164,0.04007465393089438,NS,L5
163,0.4025479465411458,NS,L5
162,0.3106933285458246,NS,L5
161,0.27338713976385476,NS,L5
160,-0.3309932171924267,NS,L5
159,0.3204924820338195,NS,L5
158,-0.19382003572335105,NS,L5
157,-0.5039934022214944,NS,L5
156,0.04007465393089438,NS,L5
155,0.345046831509696,NS,L5
154,0.7674032672283948,NS,L5
153,-0.392544975507012,NS,L5
152,0.31666911532186204,NS,L5
151,-0.3294449301100802,NS,L5
150,0.484062465509434,NS,L5
149,0.45484484547603654,NS,L5
148,0.10151795087716457,NS,L5
147,0.1419720724224307,NS,L5
146,0.15126766314901677,NS,L5
145,-0.033858261664001306,NS,L5
144,-0.18820166396399501,NS,L5
143,-0.2182446116557795,NS,L5
142,0.06258197347035796,NS,L5
141,0.05690484588679502,NS,L5
140,0.09108047494429863,NS,L5
139,0.4124605538388664,NS,L5
138,0.3156205424623598,NS,L5
137,-0.18375871897808727,NS,L5
135,-0.20994952071968254,NS,L5
233,-0.11918641316888623,NS,L5
177,0.9108022176789138,NS,L5
235,-0.3388185471403017,NS,L5
789,-2.7781512398674693,GT,L5
788,-0.6320232128564078,GT,L5
787,-0.5301780033266275,GT,L5
786,-0.638272156104069,GT,L5
785,-0.2867895699098709,GT,L5
784,-1.933053208520389,GT,L5
783,0.04986381507116677,GT,L5
782,-2.1760912485395068,GT,L5
781,-1.698970014043257,GT,L5
780,-0.3112836201345566,GT,L5
779,-1.6642079015614564,GT,L5
778,-inf,GT,L5
777,-2.1760912485395068,GT,L5
790,-1.3979400183792758,GT,L5
776,-0.9520764561826874,GT,L5
774,0.201397133437522,GT,L5
773,0.14457420167161641,GT,L5
772,0.4073909158180052,GT,L5
770,0.64982147806624,GT,L5
769,-2.3010300053712194,GT,L5
768,-1.3631779058974753,GT,L5
767,-1.477121232069441,GT,L5
766,-1.0457574733033632,GT,L5
765,0.1419720724224307,GT,L5
764,-0.16430942699598503,GT,L5
763,-0.555434774895898,GT,L5
762,-0.3172534187338782,GT,L5
761,-0.8860566636229902,GT,L5
775,0.30139178253881743,GT,L5
760,-0.4477374920337992,GT,L5
791,-1.1983676592165111,GT,L5
793,-2.7781512398674693,GT,L5
803,-1.124938719350988,GT,L5
804,-0.09872334554000352,GT,L5
805,-inf,GT,L5
806,-0.41831577527826214,GT,L5
807,-2.7781512398674693,GT,L5
808,0.08872657183219333,GT,L5
809,-0.5633073903400094,GT,L5
234,0.37045138736124306,NS,L5
810,-1.2867895636471365,GT,L5
811,0.05690484588679502,GT,L5
812,-2.079181223397403,GT,L5
813,-1.933053208520389,GT,L5
814,-0.378477540865842,GT,L5
792,-0.9268929056750705,GT,L5
815,-1.933053208520389,GT,L5
817,0.21174331248727785,GT,L5
818,-1.3467874689673445,GT,L5
819,0.44247976607401174,GT,L5
820,-2.477121244203488,GT,L5
802,-2.7781512398674693,GT,L5
801,-inf,GT,L5
800,-1.062147910233494,GT,L5
799,-2.000000009707238,GT,L5
798,-0.9788107144893788,GT,L5
797,-inf,GT,L5
796,-1.259637312859026,GT,L5
795,-0.3854543025736555,GT,L5
794,-2.7781512398674693,GT,L5
816,-0.35654732586708243,GT,L5
759,-1.5740312572115442,GT,L5
771,-2.477121244203488,GT,L5
757,-1.8750612528755255,GT,L5
758,-1.0879551883168226,GT,L5
237,0.2679535417043747,NS,L5
238,-0.27029535875079413,NS,L5
239,-0.49711789072551943,NS,L5
240,0.34044412618739195,NS,L5
822,0.24715461097381058,GT,L5
741,-1.4164234064877126,GT,L5
236,-0.2867895699098709,NS,L5
743,-1.2867895636471365,GT,L5
744,-1.4993976548804921,GT,L5
745,-0.7367585558123393,GT,L5
746,-0.5228787280230257,GT,L5
742,-1.0791812331046409,GT,L5
747,0.13619190875370452,GT,L5
756,0.21879799060402458,GT,L5
755,0.2218487392619689,GT,L5
753,-1.0147232693173809,GT,L5
752,0.11892577172351738,GT,L5
754,0.30998485522202945,GT,L5
821,0.4763968101306524,GT,L5
750,-0.3172534187338782,GT,L5
749,-1.8750612528755255,GT,L5
748,-1.0538753920163881,GT,L5
751,-2.1760912485395068,GT,L5
1507,-0.9788107144893788,GT,L6
1508,-0.6137983832519329,GT,L6
1506,-1.933053208520389,GT,L6
1470,0.4857214183604918,GT,L6
1469,-2.079181223397403,GT,L6
1468,-1.6642079015614564,GT,L6
1467,-0.18375871897808727,GT,L6
1466,-1.8750612528755255,GT,L6
1465,-2.477121244203488,GT,L6
1464,0.17705528623994887,GT,L6
1454,-0.6847295723191741,GT,L6
1462,0.06195483389828258,GT,L6
1447,-2.1760912485395068,GT,L6
1448,-inf,GT,L6
1449,-1.1549019581367455,GT,L6
1450,-0.6812412477299746,GT,L6
1451,-0.23907516176569862,GT,L6
1452,-2.000000009707238,GT,L6
1453,-1.4993976548804921,GT,L6
1505,-1.0538753920163881,GT,L6
1455,-0.5477023320507778,GT,L6
1456,0.27145436368920817,GT,L6
1457,-1.698970014043257,GT,L6
1458,0.43695731401156834,GT,L6
1459,0.2508264474637364,GT,L6
1460,-0.971971265883582,GT,L6
1461,-2.477121244203488,GT,L6
1463,-0.42596873227228116,GT,L6
1504,-0.8386320102616996,GT,L6
1495,0.4821587076932513,GT,L6
1502,-1.6320232128564078,GT,L6
1483,-1.778151227733422,GT,L6
1482,-1.4559319538007267,GT,L6
1481,-inf,GT,L6
1480,-2.7781512398674693,GT,L6
1479,-0.5906305403049857,GT,L6
1478,-2.000000009707238,GT,L6
1484,-inf,GT,L6
1477,-2.3010300053712194,GT,L6
1475,-0.4903495343304317,GT,L6
1474,0.5060538229151166,GT,L6
1473,0.06132678740038406,GT,L6
1472,-1.698970014043257,GT,L6
1471,-2.1760912485395068,GT,L6
1446,-0.8239087236870068,GT,L6
1476,-1.1153934108237316,GT,L6
1503,-0.7653140251758312,GT,L6
1485,-2.1760912485395068,GT,L6
1487,0.3397825966519342,GT,L6
1501,-0.5686362185837008,GT,L6
1500,-0.7781512374406596,GT,L6
1499,0.504697359361124,GT,L6
1358,-inf,GT,L6
1498,-0.7026042789847723,GT,L6
1497,-0.36151074066504374,GT,L6
1486,-1.1346985909586629,GT,L6
1496,0.48048602914392957,GT,L6
1493,-2.7781512398674693,GT,L6
1492,0.5114377025841845,GT,L6
1491,0.10833946403103308,GT,L6
1490,-0.25963730109267685,GT,L6
1489,-0.5039934022214944,GT,L6
1488,-2.477121244203488,GT,L6
1494,-0.9030899869919435,GT,L6
1445,-1.062147910233494,GT,L6
1410,-2.477121244203488,GT,L6
1443,-2.7781512398674693,GT,L6
1375,-inf,GT,L6
1374,0.04792355540804468,GT,L6
1373,-0.8973376635525299,GT,L6
1372,-2.7781512398674693,GT,L6
1371,-1.4993976548804921,GT,L6
1370,-1.0969100227152946,GT,L6
1369,-inf,GT,L6
1368,-2.000000009707238,GT,L6
1376,-0.7062692294764165,GT,L6
1367,-2.477121244203488,GT,L6
1365,-0.6510464605187063,GT,L6
1364,-0.009513139963488518,GT,L6
1363,-1.5228787549875757,GT,L6
1362,-0.6320232128564078,GT,L6
1361,-inf,GT,L6
1360,-1.2099495207196826,GT,L6
1359,-2.7781512398674693,GT,L6
1509,-2.477121244203488,GT,L6
1366,-1.2099495207196826,GT,L6
1398,-0.6989699978645267,GT,L6
1377,-1.8750612528755255,GT,L6
1379,-2.477121244203488,GT,L6
1397,-1.3010299891924892,GT,L6
1396,-1.3631779058974753,GT,L6
1395,-2.1760912485395068,GT,L6
1394,-1.4164234064877126,GT,L6
1393,-inf,GT,L6
1392,-2.3010300053712194,GT,L6
1391,-2.079181223397403,GT,L6
1390,-1.4164234064877126,GT,L6
1378,-1.933053208520389,GT,L6
1389,-1.3157532649813621,GT,L6
1387,-1.8750612528755255,GT,L6
1386,-1.0072992251403976,GT,L6
1385,-2.477121244203488,GT,L6
1384,-1.8750612528755255,GT,L6
1383,-2.477121244203488,GT,L6
1382,-2.477121244203488,GT,L6
1381,-1.1060533935494568,GT,L6
1380,-1.2340832041843703,GT,L6
1388,-1.8750612528755255,GT,L6
1444,-1.933053208520389,GT,L6
1399,-2.1760912485395068,GT,L6
1401,-inf,GT,L6
1425,-2.1760912485395068,GT,L6
1426,-1.3010299891924892,GT,L6
1427,-1.3010299891924892,GT,L6
1428,-inf,GT,L6
1429,0.6694718432393204,GT,L6
1430,0.07978403099471615,GT,L6
1431,-2.477121244203488,GT,L6
1432,-2.079181223397403,GT,L6
1424,-2.477121244203488,GT,L6
1433,-0.9857595679831553,GT,L6
1435,-2.3010300053712194,GT,L6
1436,-1.3010299891924892,GT,L6
1437,-2.1760912485395068,GT,L6
1438,0.3515386424301611,GT,L6
1439,0.10720995994063012,GT,L6
1440,-2.3010300053712194,GT,L6
1441,-inf,GT,L6
1442,-2.7781512398674693,GT,L6
1434,-1.0538753920163881,GT,L6
1400,-1.778151227733422,GT,L6
1423,-1.823908750651557,GT,L6
1421,-1.2218487593235945,GT,L6
1402,-1.1346985909586629,GT,L6
1403,-2.000000009707238,GT,L6
1404,-2.477121244203488,GT,L6
1405,-2.7781512398674693,GT,L6
1406,-inf,GT,L6
1407,-0.7099654045673089,GT,L6
1408,0.09864372416695537,GT,L6
1409,-0.7447274776393821,GT,L6
1422,-2.000000009707238,GT,L6
1411,-2.7781512398674693,GT,L6
1413,-2.1760912485395068,GT,L6
1414,-1.8750612528755255,GT,L6
1415,-1.1983676592165111,GT,L6
1416,-0.45593196304571537,GT,L6
1417,-0.2570131598182664,GT,L6
1418,-1.5477023149203577,GT,L6
1419,-2.477121244203488,GT,L6
1420,-0.593459827687133,GT,L6
1412,-2.3010300053712194,GT,L6
1510,-1.4357285866226441,GT,L6
1600,-0.6049649791916684,GT,L6
1512,-inf,GT,L6
1612,-0.34839898038919376,GT,L6
1613,-1.8750612528755255,GT,L6
1614,-1.6020599848564703,GT,L6
1615,-0.5326385996307006,GT,L6
1616,-1.933053208520389,GT,L6
1617,-0.1717698765589504,GT,L6
1618,0.37718480735574256,GT,L6
1619,-2.477121244203488,GT,L6
1620,-2.079181223397403,GT,L6
1621,0.04792355540804468,GT,L6
1622,-2.477121244203488,GT,L6
1623,-2.7781512398674693,GT,L6
1624,0.43616265007500876,GT,L6
1625,-0.8750612407414784,GT,L6
1626,-2.7781512398674693,GT,L6
1611,0.1346020568319684,GT,L6
1610,-0.8143634151597503,GT,L6
1609,-1.6320232128564078,GT,L6
1608,-1.4164234064877126,GT,L6
1592,-1.1153934108237316,GT,L6
1593,-2.7781512398674693,GT,L6
1594,0.1271048091828241,GT,L6
1595,0.1668246669606793,GT,L6
1596,-1.933053208520389,GT,L6
1597,-2.1760912485395068,GT,L6
1598,-1.259637312859026,GT,L6
1627,-0.791379529994413,GT,L6
1599,-1.5740312572115442,GT,L6
1601,-1.477121232069441,GT,L6
1602,-0.9030899869919435,GT,L6
1603,-inf,GT,L6
1604,0.15634718400394437,GT,L6
1605,0.16633143117960428,GT,L6
1606,-0.41079534357824266,GT,L6
1607,-1.823908750651557,GT,L6
1357,-2.7781512398674693,GT,L6
1591,-1.3631779058974753,GT,L6
1628,-1.1346985909586629,GT,L6
1630,-2.7781512398674693,GT,L6
1651,-2.477121244203488,GT,L6
1652,-1.3309932171924266,GT,L6
1653,-1.6320232128564078,GT,L6
1654,-2.7781512398674693,GT,L6
1655,-2.7781512398674693,GT,L6
1656,-2.7781512398674693,GT,L6
1657,0.09633056786879413,GT,L6
1658,-1.0791812331046409,GT,L6
1659,-2.7781512398674693,GT,L6
1660,-1.1653673816679717,GT,L6
1661,-0.25570701128035767,GT,L6
1662,0.18705044032153553,GT,L6
1663,0.34635298004760473,GT,L6
1664,-1.1446828026300477,GT,L6
1665,0.33142729265896687,GT,L6
1650,0.17075051571135116,GT,L6
1649,-1.3979400183792758,GT,L6
1648,-1.1060533935494568,GT,L6
1647,-1.0377885514763205,GT,L6
1631,-0.9788107144893788,GT,L6
1632,0.2995799306539507,GT,L6
1633,-0.8916605359689669,GT,L6
1634,-1.1446828026300477,GT,L6
1635,-1.1983676592165111,GT,L6
1636,-1.5228787549875757,GT,L6
1637,-1.0705810697175953,GT,L6
1629,-0.9586073171950448,GT,L6
1638,-0.5204726606407538,GT,L6
1640,0.2588766430638829,GT,L6
1641,-0.41642342336986593,GT,L6
1642,-0.25963730109267685,GT,L6
1643,-1.8750612528755255,GT,L6
1644,-1.1549019581367455,GT,L6
1645,-2.7781512398674693,GT,L6
1646,-2.000000009707238,GT,L6
1639,-1.1549019581367455,GT,L6
1590,-1.2340832041843703,GT,L6
1589,-2.7781512398674693,GT,L6
1588,-2.000000009707238,GT,L6
1533,0.3783979200106077,GT,L6
1534,-1.823908750651557,GT,L6
1535,-2.7781512398674693,GT,L6
1536,0.2840545480278459,GT,L6
1537,-2.477121244203488,GT,L6
1538,0.27222850661543746,GT,L6
1539,-1.778151227733422,GT,L6
1540,-1.698970014043257,GT,L6
1541,-1.0072992251403976,GT,L6
1542,-0.6709412702196007,GT,L6
1543,-inf,GT,L6
1544,0.41357914830622866,GT,L6
1545,-inf,GT,L6
1546,-2.477121244203488,GT,L6
1547,-2.3010300053712194,GT,L6
1532,-inf,GT,L6
1531,-2.7781512398674693,GT,L6
1530,0.3629848295622638,GT,L6
1529,-1.3467874689673445,GT,L6
1513,-0.6542996148662354,GT,L6
1514,-0.971971265883582,GT,L6
1515,-1.8750612528755255,GT,L6
1516,-2.1760912485395068,GT,L6
1517,-0.3889851681322514,GT,L6
1518,-1.3979400183792758,GT,L6
1519,-0.3979400022005456,GT,L6
1548,-1.3631779058974753,GT,L6
1520,-1.2466723192563767,GT,L6
1522,-inf,GT,L6
1523,-2.7781512398674693,GT,L6
1524,0.5136614353912363,GT,L6
1525,0.3152704214180915,GT,L6
1526,-0.19608789506153823,GT,L6
1527,-inf,GT,L6
1528,-1.0147232693173809,GT,L6
1521,-0.32178522413338945,GT,L6
1549,0.3287192927996999,GT,L6
1550,-1.6320232128564078,GT,L6
1551,0.5252608230964683,GT,L6
1572,-2.477121244203488,GT,L6
1573,-2.7781512398674693,GT,L6
1574,-0.4727998722229316,GT,L6
1575,-2.477121244203488,GT,L6
1576,-1.5740312572115442,GT,L6
1577,-0.07058106210407529,GT,L6
1578,-0.36991127455561956,GT,L6
1571,-1.4357285866226441,GT,L6
1579,-2.3010300053712194,GT,L6
1581,-1.8750612528755255,GT,L6
1582,-0.6108339071829065,GT,L6
1583,-0.9520764561826874,GT,L6
1584,-0.25181197114480186,GT,L6
1585,0.16435286713171074,GT,L6
1586,-0.9089195250557014,GT,L6
1587,-0.47929815888462907,GT,L6
1580,-inf,GT,L6
1511,-1.823908750651557,GT,L6
1570,-0.4436974819754009,GT,L6
1568,-0.3010299956639812,GT,L6
1552,-1.4993976548804921,GT,L6
1553,-inf,GT,L6
1554,-0.323306395824811,GT,L6
1555,-0.36151074066504374,GT,L6
1556,-0.7825160385287818,GT,L6
1557,-1.5477023149203577,GT,L6
1558,-1.1983676592165111,GT,L6
1569,-2.079181223397403,GT,L6
1559,0.6848453753361641,GT,L6
1561,-0.07400074868662468,GT,L6
1562,-0.4925939531787986,GT,L6
1563,-0.49485003138733225,GT,L6
1564,-0.18820166396399501,GT,L6
1565,-1.933053208520389,GT,L6
1566,0.06006796310822462,GT,L6
1567,0.13407081020434583,GT,L6
1560,0.36548797239422515,GT,L6
1356,-1.1446828026300477,GT,L6
1246,-0.13272897353816276,GT,L6
1354,-1.1446828026300477,GT,L6
37,0.36046717568985837,M,L6
36,0.40823995560461135,M,L6
35,0.1038037144335081,M,L6
34,0.05817285868181001,M,L6
33,-0.14670749636981797,M,L6
32,-0.2479515540131964,M,L6
31,0.7294347806273678,M,L6
30,0.5308397761766059,M,L6
29,0.4538277628524163,M,L6
28,0.2283148061475014,M,L6
27,-0.07831353567681554,M,L6
26,0.3411046495948756,M,L6
25,0.06258197347035796,M,L6
24,0.5401208186824629,M,L6
23,0.7923916761377539,M,L6
38,-0.19608789506153823,M,L6
39,1.3228392868663663,M,L6
40,1.1635092295206604,M,L6
41,0.10094462528653683,M,L6
57,0.5666338793641474,M,L6
56,0.7130703226480848,M,L6
55,0.7703610134537808,M,L6
54,-0.4377071241962517,M,L6
53,-0.18155413640763662,M,L6
52,-0.3750307443506059,M,L6
51,0.22010807930743917,M,L6
22,1.3280396365010592,M,L6
50,1.1837916356512304,M,L6
48,-0.018483414697828306,M,L6
47,-0.3767507231614165,M,L6
46,0.9986225481505454,M,L6
45,-0.47495518214513827,M,L6
44,0.8871482444615904,M,L6
43,0.22916971597842353,M,L6
42,0.787460482626255,M,L6
49,0.45509876254638526,M,L6
58,1.1571544295230518,M,L6
1159,-1.778151227733422,GT,L6
1161,-0.7026042789847723,GT,L6
1182,-2.1760912485395068,GT,L6
1183,-1.698970014043257,GT,L6
1184,-inf,GT,L6
1185,0.27760920993284577,GT,L6
1186,-2.3010300053712194,GT,L6
1187,-2.000000009707238,GT,L6
1188,-0.41642342336986593,GT,L6
1189,-0.7781512374406596,GT,L6
1190,-2.7781512398674693,GT,L6
1191,-2.477121244203488,GT,L6
1192,-inf,GT,L6
1193,-2.7781512398674693,GT,L6
1194,-1.1346985909586629,GT,L6
1195,-0.999999993528508,GT,L6
1196,-1.823908750651557,GT,L6
1181,-2.477121244203488,GT,L6
1180,-inf,GT,L6
1179,-2.079181223397403,GT,L6
1178,-2.3010300053712194,GT,L6
1162,-0.3750307443506059,GT,L6
1163,-2.477121244203488,GT,L6
1164,-0.3889851681322514,GT,L6
1165,-1.698970014043257,GT,L6
1166,-0.7825160385287818,GT,L6
1167,-1.1870866592869713,GT,L6
1168,-inf,GT,L6
1160,-0.869666214247682,GT,L6
1169,-0.7026042789847723,GT,L6
1171,-1.8750612528755255,GT,L6
1172,-1.3631779058974753,GT,L6
1173,-inf,GT,L6
1174,-2.1760912485395068,GT,L6
1175,-2.3010300053712194,GT,L6
1176,-2.079181223397403,GT,L6
1177,-1.6320232128564078,GT,L6
1170,-1.0147232693173809,GT,L6
1197,-2.1760912485395068,GT,L6
59,0.8320829375507846,M,L6
61,1.3197998179661297,M,L6
260,0.4603966535586155,NS,L6
259,-0.3943358814081417,NS,L6
258,0.285557297204845,NS,L6
257,0.06258197347035796,NS,L6
256,0.6488477009353987,NS,L6
255,0.6846957671860721,NS,L6
254,-0.21112487749002246,NS,L6
253,-0.07572072749743529,NS,L6
252,-0.5086383028256024,NS,L6
251,-0.22548301338865295,NS,L6
250,-0.0021769171729906648,NS,L6
249,-0.3142582485881852,NS,L6
248,-0.25963730109267685,NS,L6
247,0.5198279862680057,NS,L6
246,0.09633056786879413,NS,L6
261,-0.2087773363030938,NS,L6
262,-0.3767507231614165,NS,L6
263,-0.3979400022005456,NS,L6
264,-0.273001249413516,NS,L6
1666,-2.7781512398674693,GT,L6
279,0.48311162975612354,NS,L6
278,0.48925517373944516,NS,L6
277,0.038752600987953016,NS,L6
276,0.10209052060066484,NS,L6
275,0.27300127206373764,NS,L6
274,0.5699588080627328,NS,L6
245,0.6136656497064528,NS,L6
273,0.3744428287096966,NS,L6
271,-0.10329009694912052,NS,L6
270,0.10437328051451146,NS,L6
269,0.7153067952930794,NS,L6
268,-0.14670749636981797,NS,L6
267,-0.24412514977718616,NS,L6
266,-0.4436974819754009,NS,L6
265,0.09575034858823883,NS,L6
272,-0.3750307443506059,NS,L6
60,-0.7958800270513134,M,L6
244,-0.38369957665519294,NS,L6
242,-0.25570701128035767,NS,L6
76,1.0256471680173547,M,L6
75,0.5407464674236935,M,L6
74,1.1029479745406872,M,L6
73,-0.1259049084578806,M,L6
72,0.4976206471474213,M,L6
71,0.5579080144919613,M,L6
70,0.6349808058103313,M,L6
69,1.259514233245086,M,L6
68,0.06632591114141975,M,L6
67,-0.08266958099121173,M,L6
66,0.3341185116370943,M,L6
65,1.4338231563180959,M,L6
64,-0.04736898472521258,M,L6
63,-0.011738391923970509,M,L6
62,1.094238132255501,M,L6
77,0.46538286279569197,M,L6
78,1.0731682636649342,M,L6
79,0.6540160068097617,M,L6
80,0.7476706948618665,M,L6
241,0.3614130296080672,NS,L6
95,0.6520850925696663,M,L6
94,1.2082173425028189,M,L6
93,0.32290808417670547,M,L6
92,-0.6743475155674835,M,L6
91,-0.5502645463826558,M,L6
90,0.730378468587643,M,L6
243,-0.14874166440620462,NS,L6
89,0.7259116463085045,M,L6
87,0.6396524735223451,M,L6
86,0.36890642713927135,M,L6
85,0.6694718432393204,M,L6
84,0.37045138736124306,M,L6
83,0.27338713976385476,M,L6
82,0.2988530784909905,M,L6
81,0.8031155561934904,M,L6
88,-0.7026042789847723,M,L6
1355,-1.778151227733422,GT,L6
1198,-0.8287612652618961,GT,L6
1200,0.06445797673024393,GT,L6
1300,-0.769551074053614,GT,L6
1301,-0.8436528069660665,GT,L6
1302,-0.8860566636229902,GT,L6
1303,-2.7781512398674693,GT,L6
1304,-2.7781512398674693,GT,L6
1305,-2.7781512398674693,GT,L6
1306,-2.3010300053712194,GT,L6
1307,-2.477121244203488,GT,L6
1308,-2.477121244203488,GT,L6
1309,-2.7781512398674693,GT,L6
1310,-1.8750612528755255,GT,L6
1311,-0.6989699978645267,GT,L6
1312,0.214402264077786,GT,L6
1313,0.013539385923494563,GT,L6
1314,0.27913438822667624,GT,L6
1299,-0.8643373860039906,GT,L6
1298,-2.7781512398674693,GT,L6
1297,-2.7781512398674693,GT,L6
1296,-2.3010300053712194,GT,L6
1280,-1.259637312859026,GT,L6
1281,-2.000000009707238,GT,L6
1282,-1.8750612528755255,GT,L6
1283,-0.7289332258644643,GT,L6
1284,-1.1653673816679717,GT,L6
1285,-2.477121244203488,GT,L6
1286,-1.778151227733422,GT,L6
1315,-inf,GT,L6
1287,-1.1549019581367455,GT,L6
1289,-0.6167832606453433,GT,L6
1290,-2.3010300053712194,GT,L6
1291,-2.3010300053712194,GT,L6
1292,-1.823908750651557,GT,L6
1293,-0.8436528069660665,GT,L6
1294,-2.477121244203488,GT,L6
1295,-0.6414306722682139,GT,L6
1288,-1.778151227733422,GT,L6
1279,-2.079181223397403,GT,L6
1316,-0.7367585558123393,GT,L6
1318,-inf,GT,L6
1339,-0.5301780033266275,GT,L6
1340,-2.7781512398674693,GT,L6
1341,-2.3010300053712194,GT,L6
1342,-2.3010300053712194,GT,L6
1343,0.21263143972725518,GT,L6
1344,-1.7367585822866254,GT,L6
1345,-0.6137983832519329,GT,L6
1346,-2.3010300053712194,GT,L6
1347,-2.477121244203488,GT,L6
1348,-2.477121244203488,GT,L6
1349,-1.4993976548804921,GT,L6
1350,-1.1653673816679717,GT,L6
1351,-2.079181223397403,GT,L6
1352,-2.3010300053712194,GT,L6
1353,0.08754481856077544,GT,L6
1338,-2.7781512398674693,GT,L6
1337,-2.477121244203488,GT,L6
1336,-2.079181223397403,GT,L6
1335,-inf,GT,L6
1319,-0.9208187636596135,GT,L6
1320,0.2620553877625476,GT,L6
1321,0.13513265441102754,GT,L6
1322,0.34667888100907596,GT,L6
1323,-2.477121244203488,GT,L6
1324,-2.1760912485395068,GT,L6
1325,-1.1060533935494568,GT,L6
1317,0.2556744316922935,GT,L6
1326,-1.5228787549875757,GT,L6
1328,-inf,GT,L6
1329,-0.7869251926528414,GT,L6
1330,-0.5426228113020852,GT,L6
1331,-0.023802918683126915,GT,L6
1332,-0.515700150468571,GT,L6
1333,-1.823908750651557,GT,L6
1334,-2.477121244203488,GT,L6
1327,-0.4727998722229316,GT,L6
1199,-1.0538753920163881,GT,L6
1278,-1.7367585822866254,GT,L6
1276,-1.823908750651557,GT,L6
1221,-1.933053208520389,GT,L6
1222,-0.04979747610401326,GT,L6
1223,-2.477121244203488,GT,L6
1224,-2.477121244203488,GT,L6
1225,-2.477121244203488,GT,L6
1226,-inf,GT,L6
1227,0.5632832704206879,GT,L6
1228,0.1593666578946343,GT,L6
1229,-2.3010300053712194,GT,L6
1230,-inf,GT,L6
1231,-2.7781512398674693,GT,L6
1232,-0.5767541495070886,GT,L6
1233,-1.8750612528755255,GT,L6
1234,-2.1760912485395068,GT,L6
1235,-inf,GT,L6
1220,-0.5686362185837008,GT,L6
1219,-inf,GT,L6
1218,-1.5740312572115442,GT,L6
1217,-2.477121244203488,GT,L6
1201,-2.7781512398674693,GT,L6
1202,-2.477121244203488,GT,L6
1203,-2.3010300053712194,GT,L6
1204,-inf,GT,L6
1205,-2.7781512398674693,GT,L6
1206,-2.7781512398674693,GT,L6
1207,-0.6510464605187063,GT,L6
1236,-2.477121244203488,GT,L6
1208,-inf,GT,L6
1210,-1.4357285866226441,GT,L6
1211,-2.3010300053712194,GT,L6
1212,-2.7781512398674693,GT,L6
1213,-inf,GT,L6
1214,-inf,GT,L6
1215,-0.5228787280230257,GT,L6
1216,-1.8750612528755255,GT,L6
1209,-1.7367585822866254,GT,L6
1277,-2.3010300053712194,GT,L6
1237,-2.000000009707238,GT,L6
1239,-1.823908750651557,GT,L6
1261,-1.933053208520389,GT,L6
1262,-0.9586073171950448,GT,L6
1263,-2.477121244203488,GT,L6
1264,-1.2099495207196826,GT,L6
1265,-1.3309932171924266,GT,L6
1266,-inf,GT,L6
1267,-1.6320232128564078,GT,L6
1268,-inf,GT,L6
1269,-2.477121244203488,GT,L6
1270,-1.698970014043257,GT,L6
1271,-2.7781512398674693,GT,L6
1272,-2.477121244203488,GT,L6
1273,-1.3010299891924892,GT,L6
1274,-2.079181223397403,GT,L6
1275,-0.15283880874582575,GT,L6
1260,-2.3010300053712194,GT,L6
1259,-2.477121244203488,GT,L6
1258,-2.079181223397403,GT,L6
1257,-1.823908750651557,GT,L6
1240,0.1851642524395357,GT,L6
1241,-inf,GT,L6
1242,0.22788671931812868,GT,L6
1243,-0.03699964288754257,GT,L6
1244,-0.030739439903992746,GT,L6
1245,-0.03699964288754257,GT,L6
1247,0.04007465393089438,GT,L6
1238,-0.5301780033266275,GT,L6
1248,-1.6020599848564703,GT,L6
1250,-0.06382148504144451,GT,L6
1251,-2.3010300053712194,GT,L6
1252,-2.7781512398674693,GT,L6
1253,-1.5740312572115442,GT,L6
1254,-0.9268929056750705,GT,L6
1255,-2.7781512398674693,GT,L6
1256,-1.5740312572115442,GT,L6
1249,-0.1337126524632441,GT,L6
1667,0.2283148061475014,GT,L6
